{
	"format_version": "1.8.0",
	"animations": {
		"animation.model.rock_attack": {
			"animation_length": 1.25,
			"bones": {
				"right_arm": {
					"rotation": {
						"0.0": [0, 0, 0],
						"0.375": [-101.00966, -24.59477, 4.62934],
						"0.5": [-60.42143, -26.77538, 3.27247],
						"0.7083": [-60.42143, -26.77538, 3.27247],
						"1.0": [-101.00966, -24.59477, 4.62934],
						"1.25": [0, 0, 0]
					}
				},
				"left_arm": {
					"rotation": {
						"0.0": [0, 0, 0],
						"0.375": [-103.4936, 21.93857, -5.123],
						"0.5": [-58.50129, 30.5843, 0.49011],
						"0.7083": [-58.50129, 30.5843, 0.49011],
						"1.0": [-103.4936, 21.93857, -5.123],
						"1.25": [0, 0, 0]
					}
				}
			}
		}
	}
}